DateTime;Measured & upscaled [MW];Monitored Capacity [MW]
01/03/2025 00:00;693,99;5439,175
01/03/2025 00:15;679,66;5439,175
01/03/2025 00:30;685,29;5439,175
01/03/2025 00:45;669,3;5439,175
01/03/2025 01:00;657,68;5439,175
01/03/2025 01:15;654,12;5439,175
01/03/2025 01:30;631,71;5439,175
01/03/2025 01:45;619,39;5439,175
01/03/2025 02:00;572,67;5439,175
01/03/2025 02:15;536,49;5439,175
01/03/2025 02:30;496,71;5439,175
01/03/2025 02:45;463,48;5439,175
01/03/2025 03:00;454,98;5439,175
01/03/2025 03:15;465,77;5439,175
01/03/2025 03:30;464,59;5439,175
01/03/2025 03:45;447,49;5439,175
01/03/2025 04:00;422,7;5439,175
01/03/2025 04:15;413,67;5439,175
01/03/2025 04:30;394,61;5439,175
01/03/2025 04:45;377,32;5439,175
01/03/2025 05:00;376,71;5439,175
01/03/2025 05:15;337,44;5439,175
01/03/2025 05:30;340,48;5439,175
01/03/2025 05:45;332,07;5439,175
01/03/2025 06:00;328,35;5439,175
01/03/2025 06:15;336,47;5439,175
01/03/2025 06:30;320,02;5439,175
01/03/2025 06:45;318,09;5439,175
01/03/2025 07:00;319,94;5439,175
01/03/2025 07:15;299,9;5439,175
01/03/2025 07:30;261,51;5439,175
01/03/2025 07:45;232,48;5439,175
01/03/2025 08:00;220,85;5439,175
01/03/2025 08:15;226,48;5439,175
01/03/2025 08:30;205,62;5439,175
01/03/2025 08:45;180,44;5439,175
01/03/2025 09:00;183,58;5439,175
01/03/2025 09:15;190,5;5439,175
01/03/2025 09:30;182,56;5439,175
01/03/2025 09:45;172,27;5439,175
01/03/2025 10:00;167,34;5439,175
01/03/2025 10:15;189,24;5439,175
01/03/2025 10:30;212,07;5439,175
01/03/2025 10:45;230,58;5439,175
01/03/2025 11:00;245,18;5439,175
01/03/2025 11:15;253,82;5439,175
01/03/2025 11:30;267,14;5439,175
01/03/2025 11:45;264,14;5439,175
01/03/2025 12:00;278,03;5439,175
01/03/2025 12:15;300,47;5439,175
01/03/2025 12:30;293,46;5439,175
01/03/2025 12:45;288,18;5439,175
01/03/2025 13:00;292,54;5439,175
01/03/2025 13:15;304,79;5439,175
01/03/2025 13:30;328,57;5439,175
01/03/2025 13:45;364,33;5439,175
01/03/2025 14:00;383,71;5439,175
01/03/2025 14:15;390,87;5439,175
01/03/2025 14:30;413,16;5439,175
01/03/2025 14:45;420,67;5439,175
01/03/2025 15:00;411,36;5439,175
01/03/2025 15:15;413,4;5439,175
01/03/2025 15:30;403,13;5439,175
01/03/2025 15:45;372,7;5439,175
01/03/2025 16:00;367,69;5439,175
01/03/2025 16:15;370,36;5439,175
01/03/2025 16:30;343,3;5439,175
01/03/2025 16:45;346,57;5439,175
01/03/2025 17:00;320,54;5439,175
01/03/2025 17:15;315,48;5439,175
01/03/2025 17:30;304,79;5439,175
01/03/2025 17:45;308,36;5439,175
01/03/2025 18:00;313,9;5439,175
01/03/2025 18:15;317,76;5439,175
01/03/2025 18:30;347,51;5439,175
01/03/2025 18:45;372,44;5439,175
01/03/2025 19:00;374,54;5439,175
01/03/2025 19:15;385,51;5439,175
01/03/2025 19:30;392,07;5439,175
01/03/2025 19:45;367,49;5439,175
01/03/2025 20:00;351,92;5439,175
01/03/2025 20:15;345,68;5439,175
01/03/2025 20:30;334,13;5439,175
01/03/2025 20:45;327,41;5439,175
01/03/2025 21:00;330,8;5439,175
01/03/2025 21:15;323,96;5439,175
01/03/2025 21:30;350,8;5439,175
01/03/2025 21:45;377,42;5439,175
01/03/2025 22:00;347,86;5439,175
01/03/2025 22:15;303,8;5439,175
01/03/2025 22:30;289,03;5439,175
01/03/2025 22:45;271,09;5439,175
01/03/2025 23:00;263,28;5439,175
01/03/2025 23:15;279,36;5439,175
01/03/2025 23:30;269,3;5439,175
01/03/2025 23:45;239,38;5439,175
02/03/2025 00:00;212,18;5439,175
02/03/2025 00:15;185,6;5439,175
02/03/2025 00:30;193,03;5439,175
02/03/2025 00:45;216,49;5439,175
02/03/2025 01:00;234,23;5439,175
02/03/2025 01:15;264,59;5439,175
02/03/2025 01:30;285,17;5439,175
02/03/2025 01:45;292,18;5439,175
02/03/2025 02:00;292,38;5439,175
02/03/2025 02:15;310,57;5439,175
02/03/2025 02:30;307,29;5439,175
02/03/2025 02:45;303,22;5439,175
02/03/2025 03:00;296,37;5439,175
02/03/2025 03:15;296,81;5439,175
02/03/2025 03:30;322,33;5439,175
02/03/2025 03:45;334,24;5439,175
02/03/2025 04:00;316,85;5439,175
02/03/2025 04:15;281,8;5439,175
02/03/2025 04:30;275,43;5439,175
02/03/2025 04:45;287,92;5439,175
02/03/2025 05:00;286,6;5439,175
02/03/2025 05:15;290,32;5439,175
02/03/2025 05:30;287,73;5439,175
02/03/2025 05:45;302,25;5439,175
02/03/2025 06:00;304,14;5439,175
02/03/2025 06:15;294,84;5439,175
02/03/2025 06:30;317,16;5439,175
02/03/2025 06:45;355,2;5439,175
02/03/2025 07:00;368,2;5439,175
02/03/2025 07:15;375,25;5439,175
02/03/2025 07:30;357,45;5439,175
02/03/2025 07:45;333,46;5439,175
02/03/2025 08:00;290,43;5439,175
02/03/2025 08:15;282,75;5439,175
02/03/2025 08:30;258,9;5439,175
02/03/2025 08:45;222,92;5439,175
02/03/2025 09:00;177,25;5439,175
02/03/2025 09:15;146,63;5439,175
02/03/2025 09:30;117,61;5439,175
02/03/2025 09:45;97,68;5439,175
02/03/2025 10:00;73,19;5439,175
02/03/2025 10:15;55,08;5439,175
02/03/2025 10:30;48,48;5439,175
02/03/2025 10:45;38,62;5439,175
02/03/2025 11:00;36,65;5439,175
02/03/2025 11:15;39,22;5439,175
02/03/2025 11:30;41,04;5439,175
02/03/2025 11:45;44,69;5439,175
02/03/2025 12:00;53,13;5439,175
02/03/2025 12:15;58,9;5439,175
02/03/2025 12:30;58,08;5439,175
02/03/2025 12:45;56,86;5439,175
02/03/2025 13:00;53,69;5439,175
02/03/2025 13:15;47,52;5439,175
02/03/2025 13:30;50,72;5439,175
02/03/2025 13:45;52,17;5439,175
02/03/2025 14:00;45,2;5439,175
02/03/2025 14:15;49,38;5439,175
02/03/2025 14:30;51,71;5439,175
02/03/2025 14:45;56,81;5439,175
02/03/2025 15:00;65,95;5439,175
02/03/2025 15:15;82,6;5439,175
02/03/2025 15:30;97,27;5439,175
02/03/2025 15:45;97,18;5439,175
02/03/2025 16:00;94,47;5439,175
02/03/2025 16:15;87,3;5439,175
02/03/2025 16:30;106,48;5439,175
02/03/2025 16:45;104,4;5439,175
02/03/2025 17:00;118,57;5439,175
02/03/2025 17:15;100,85;5439,175
02/03/2025 17:30;116,11;5439,175
02/03/2025 17:45;143,65;5439,175
02/03/2025 18:00;170,47;5439,175
02/03/2025 18:15;192,66;5439,175
02/03/2025 18:30;245,64;5439,175
02/03/2025 18:45;286,8;5439,175
02/03/2025 19:00;316,49;5439,175
02/03/2025 19:15;334,44;5439,175
02/03/2025 19:30;334,15;5439,175
02/03/2025 19:45;333,94;5439,175
02/03/2025 20:00;335,67;5439,175
02/03/2025 20:15;337,42;5439,175
02/03/2025 20:30;343,81;5439,175
02/03/2025 20:45;354,91;5439,175
02/03/2025 21:00;374,1;5439,175
02/03/2025 21:15;386,38;5439,175
02/03/2025 21:30;395,63;5439,175
02/03/2025 21:45;425,64;5439,175
02/03/2025 22:00;460,26;5439,175
02/03/2025 22:15;473,95;5439,175
02/03/2025 22:30;468,16;5439,175
02/03/2025 22:45;450,72;5439,175
02/03/2025 23:00;432,12;5439,175
02/03/2025 23:15;408,46;5439,175
02/03/2025 23:30;374,51;5439,175
02/03/2025 23:45;343,78;5439,175
03/03/2025 00:00;305,51;5439,175
03/03/2025 00:15;263,03;5439,175
03/03/2025 00:30;241,75;5439,175
03/03/2025 00:45;202,85;5439,175
03/03/2025 01:00;164,9;5439,175
03/03/2025 01:15;136,4;5439,175
03/03/2025 01:30;125,28;5439,175
03/03/2025 01:45;122,07;5439,175
03/03/2025 02:00;91,88;5439,175
03/03/2025 02:15;72,35;5439,175
03/03/2025 02:30;61,85;5439,175
03/03/2025 02:45;53,7;5439,175
03/03/2025 03:00;47,12;5439,175
03/03/2025 03:15;38,81;5439,175
03/03/2025 03:30;32,38;5439,175
03/03/2025 03:45;20,68;5439,175
03/03/2025 04:00;9,45;5439,175
03/03/2025 04:15;1,34;5439,175
03/03/2025 04:30;-6,47;5439,175
03/03/2025 04:45;-11,37;5439,175
03/03/2025 05:00;-14,48;5439,175
03/03/2025 05:15;-14,05;5439,175
03/03/2025 05:30;-10,93;5439,175
03/03/2025 05:45;-7,78;5439,175
03/03/2025 06:00;-6,03;5439,175
03/03/2025 06:15;-3,56;5439,175
03/03/2025 06:30;-1,75;5439,175
03/03/2025 06:45;3,59;5439,175
03/03/2025 07:00;9,87;5439,175
03/03/2025 07:15;6,66;5439,175
03/03/2025 07:30;7,66;5439,175
03/03/2025 07:45;15,59;5439,175
03/03/2025 08:00;25,81;5439,175
03/03/2025 08:15;24,09;5439,175
03/03/2025 08:30;24,12;5439,175
03/03/2025 08:45;23,95;5439,175
03/03/2025 09:00;17,49;5439,175
03/03/2025 09:15;7,33;5439,175
03/03/2025 09:30;-3,37;5439,175
03/03/2025 09:45;-7,16;5439,175
03/03/2025 10:00;-8,85;5439,175
03/03/2025 10:15;-12,24;5439,175
03/03/2025 10:30;-18,02;5439,175
03/03/2025 10:45;-21,98;5439,175
03/03/2025 11:00;-21,03;5439,175
03/03/2025 11:15;-20,76;5439,175
03/03/2025 11:30;-18,6;5439,175
03/03/2025 11:45;-15,56;5439,175
03/03/2025 12:00;-14,67;5439,175
03/03/2025 12:15;-16,11;5439,175
03/03/2025 12:30;-16,05;5439,175
03/03/2025 12:45;-15,24;5439,175
03/03/2025 13:00;-14,71;5439,175
03/03/2025 13:15;-13,74;5439,175
03/03/2025 13:30;-11,98;5439,175
03/03/2025 13:45;-11,09;5439,175
03/03/2025 14:00;-13;5439,175
03/03/2025 14:15;-10,74;5439,175
03/03/2025 14:30;-9,49;5439,175
03/03/2025 14:45;-10,51;5439,175
03/03/2025 15:00;-9,07;5439,175
03/03/2025 15:15;-12,65;5439,175
03/03/2025 15:30;-14,26;5439,175
03/03/2025 15:45;-13,15;5439,175
03/03/2025 16:00;-14,34;5439,175
03/03/2025 16:15;-15,04;5439,175
03/03/2025 16:30;-14,5;5439,175
03/03/2025 16:45;-18,23;5439,175
03/03/2025 17:00;-18,82;5439,175
03/03/2025 17:15;-16,51;5439,175
03/03/2025 17:30;-13,7;5439,175
03/03/2025 17:45;-8,45;5439,175
03/03/2025 18:00;-0,83;5439,175
03/03/2025 18:15;9,35;5439,175
03/03/2025 18:30;18,1;5439,175
03/03/2025 18:45;22,2;5439,175
03/03/2025 19:00;28,11;5439,175
03/03/2025 19:15;33,04;5439,175
03/03/2025 19:30;35,72;5439,175
03/03/2025 19:45;50,97;5439,175
03/03/2025 20:00;67,04;5439,175
03/03/2025 20:15;71,31;5439,175
03/03/2025 20:30;72,92;5439,175
03/03/2025 20:45;77,08;5439,175
03/03/2025 21:00;87,15;5439,175
03/03/2025 21:15;90,84;5439,175
03/03/2025 21:30;88,86;5439,175
03/03/2025 21:45;92,55;5439,175
03/03/2025 22:00;91,55;5439,175
03/03/2025 22:15;84,78;5439,175
03/03/2025 22:30;79,43;5439,175
03/03/2025 22:45;77,35;5439,175
03/03/2025 23:00;72,84;5439,175
03/03/2025 23:15;71,63;5439,175
03/03/2025 23:30;72;5439,175
03/03/2025 23:45;62,69;5439,175
04/03/2025 00:00;57,05;5439,175
04/03/2025 00:15;67,62;5439,175
04/03/2025 00:30;76,63;5439,175
04/03/2025 00:45;87;5439,175
04/03/2025 01:00;94,69;5439,175
04/03/2025 01:15;96,31;5439,175
04/03/2025 01:30;93,93;5439,175
04/03/2025 01:45;97,4;5439,175
04/03/2025 02:00;100,87;5439,175
04/03/2025 02:15;122;5439,175
04/03/2025 02:30;123,74;5439,175
04/03/2025 02:45;121,82;5439,175
04/03/2025 03:00;113,12;5439,175
04/03/2025 03:15;108,43;5439,175
04/03/2025 03:30;92,46;5439,175
04/03/2025 03:45;77,64;5439,175
04/03/2025 04:00;63,54;5439,175
04/03/2025 04:15;55,96;5439,175
04/03/2025 04:30;53,66;5439,175
04/03/2025 04:45;50,23;5439,175
04/03/2025 05:00;49,48;5439,175
04/03/2025 05:15;46,84;5439,175
04/03/2025 05:30;43,32;5439,175
04/03/2025 05:45;44,71;5439,175
04/03/2025 06:00;44,37;5439,175
04/03/2025 06:15;42,95;5439,175
04/03/2025 06:30;39,73;5439,175
04/03/2025 06:45;42,34;5439,175
04/03/2025 07:00;37,6;5439,175
04/03/2025 07:15;36,43;5439,175
04/03/2025 07:30;39,7;5439,175
04/03/2025 07:45;41,14;5439,175
04/03/2025 08:00;38,32;5439,175
04/03/2025 08:15;39,27;5439,175
04/03/2025 08:30;39,19;5439,175
04/03/2025 08:45;39,45;5439,175
04/03/2025 09:00;33,78;5439,175
04/03/2025 09:15;41,97;5439,175
04/03/2025 09:30;50,46;5439,175
04/03/2025 09:45;56,5;5439,175
04/03/2025 10:00;51,21;5439,175
04/03/2025 10:15;36,12;5439,175
04/03/2025 10:30;23,8;5439,175
04/03/2025 10:45;11,22;5439,175
04/03/2025 11:00;-1,73;5439,175
04/03/2025 11:15;-10,42;5439,175
04/03/2025 11:30;-14,11;5439,175
04/03/2025 11:45;-15,14;5439,175
04/03/2025 12:00;-17,16;5439,175
04/03/2025 12:15;-18,73;5439,175
04/03/2025 12:30;-18,12;5439,175
04/03/2025 12:45;-17,47;5439,175
04/03/2025 13:00;-16,14;5439,175
04/03/2025 13:15;-14,6;5439,175
04/03/2025 13:30;-13,33;5439,175
04/03/2025 13:45;-13,97;5439,175
04/03/2025 14:00;-14,83;5439,175
04/03/2025 14:15;-11,65;5439,175
04/03/2025 14:30;-4,41;5439,175
04/03/2025 14:45;-4,69;5439,175
04/03/2025 15:00;-10,66;5439,175
04/03/2025 15:15;-12,58;5439,175
04/03/2025 15:30;-14,98;5439,175
04/03/2025 15:45;-14,53;5439,175
04/03/2025 16:00;-15,91;5439,175
04/03/2025 16:15;-18,27;5439,175
04/03/2025 16:30;-19,4;5439,175
04/03/2025 16:45;-19,11;5439,175
04/03/2025 17:00;-19,01;5439,175
04/03/2025 17:15;-17,85;5439,175
04/03/2025 17:30;-17,63;5439,175
04/03/2025 17:45;-10,2;5439,175
04/03/2025 18:00;1,44;5439,175
04/03/2025 18:15;13,92;5439,175
04/03/2025 18:30;27,81;5439,175
04/03/2025 18:45;52,04;5439,175
04/03/2025 19:00;76,22;5439,175
04/03/2025 19:15;104,7;5439,175
04/03/2025 19:30;124,51;5439,175
04/03/2025 19:45;139,85;5439,175
04/03/2025 20:00;164,1;5439,175
04/03/2025 20:15;195,99;5439,175
04/03/2025 20:30;202,94;5439,175
04/03/2025 20:45;229,11;5439,175
04/03/2025 21:00;251,81;5439,175
04/03/2025 21:15;269,54;5439,175
04/03/2025 21:30;284,58;5439,175
04/03/2025 21:45;295,75;5439,175
04/03/2025 22:00;290,95;5439,175
04/03/2025 22:15;295,22;5439,175
04/03/2025 22:30;334,26;5439,175
04/03/2025 22:45;370,79;5439,175
04/03/2025 23:00;364,57;5439,175
04/03/2025 23:15;328,59;5439,175
04/03/2025 23:30;276,39;5439,175
04/03/2025 23:45;229,81;5439,175
05/03/2025 00:00;198,72;5439,175
05/03/2025 00:15;165,69;5439,175
05/03/2025 00:30;138,79;5439,175
05/03/2025 00:45;112,04;5439,175
05/03/2025 01:00;93,45;5439,175
05/03/2025 01:15;72,53;5439,175
05/03/2025 01:30;53,03;5439,175
05/03/2025 01:45;41,69;5439,175
05/03/2025 02:00;34,87;5439,175
05/03/2025 02:15;39,26;5439,175
05/03/2025 02:30;43,24;5439,175
05/03/2025 02:45;61,44;5439,175
05/03/2025 03:00;56,55;5439,175
05/03/2025 03:15;49,89;5439,175
05/03/2025 03:30;49,3;5439,175
05/03/2025 03:45;57,25;5439,175
05/03/2025 04:00;103,89;5439,175
05/03/2025 04:15;160,12;5439,175
05/03/2025 04:30;215,42;5439,175
05/03/2025 04:45;295,68;5439,175
05/03/2025 05:00;362,38;5439,175
05/03/2025 05:15;382,03;5439,175
05/03/2025 05:30;421,53;5439,175
05/03/2025 05:45;430,86;5439,175
05/03/2025 06:00;535,66;5439,175
05/03/2025 06:15;623,01;5439,175
05/03/2025 06:30;671,93;5439,175
05/03/2025 06:45;678,46;5439,175
05/03/2025 07:00;627,19;5439,175
05/03/2025 07:15;603,37;5439,175
05/03/2025 07:30;539,99;5439,175
05/03/2025 07:45;530,57;5439,175
05/03/2025 08:00;584,94;5439,175
05/03/2025 08:15;688,85;5439,175
05/03/2025 08:30;753,08;5439,175
05/03/2025 08:45;757,92;5439,175
05/03/2025 09:00;805,16;5439,175
05/03/2025 09:15;855,61;5439,175
05/03/2025 09:30;792,6;5439,175
05/03/2025 09:45;728,42;5439,175
05/03/2025 10:00;667,1;5439,175
05/03/2025 10:15;647,6;5439,175
05/03/2025 10:30;614,35;5439,175
05/03/2025 10:45;582,75;5439,175
05/03/2025 11:00;521,97;5439,175
05/03/2025 11:15;482,73;5439,175
05/03/2025 11:30;413,67;5439,175
05/03/2025 11:45;380,42;5439,175
05/03/2025 12:00;344,01;5439,175
05/03/2025 12:15;305,43;5439,175
05/03/2025 12:30;286,09;5439,175
05/03/2025 12:45;278,78;5439,175
05/03/2025 13:00;274,47;5439,175
05/03/2025 13:15;236,43;5439,175
05/03/2025 13:30;211,19;5439,175
05/03/2025 13:45;198,9;5439,175
05/03/2025 14:00;197,43;5439,175
05/03/2025 14:15;206,2;5439,175
05/03/2025 14:30;211,34;5439,175
05/03/2025 14:45;193,95;5439,175
05/03/2025 15:00;193,45;5439,175
05/03/2025 15:15;178,71;5439,175
05/03/2025 15:30;157,13;5439,175
05/03/2025 15:45;138,56;5439,175
05/03/2025 16:00;127,52;5439,175
05/03/2025 16:15;113,01;5439,175
05/03/2025 16:30;105,29;5439,175
05/03/2025 16:45;109,42;5439,175
05/03/2025 17:00;108,73;5439,175
05/03/2025 17:15;108,15;5439,175
05/03/2025 17:30;106,36;5439,175
05/03/2025 17:45;102,31;5439,175
05/03/2025 18:00;93,93;5439,175
05/03/2025 18:15;80,97;5439,175
05/03/2025 18:30;83,34;5439,175
05/03/2025 18:45;98,27;5439,175
05/03/2025 19:00;114,01;5439,175
05/03/2025 19:15;115,15;5439,175
05/03/2025 19:30;126,21;5439,175
05/03/2025 19:45;141,47;5439,175
05/03/2025 20:00;166,13;5439,175
05/03/2025 20:15;213,98;5439,175
05/03/2025 20:30;254,55;5439,175
05/03/2025 20:45;280,05;5439,175
05/03/2025 21:00;310,03;5439,175
05/03/2025 21:15;331,27;5439,175
05/03/2025 21:30;321,3;5439,175
05/03/2025 21:45;307,32;5439,175
05/03/2025 22:00;335,66;5439,175
05/03/2025 22:15;359,18;5439,175
05/03/2025 22:30;373,76;5439,175
05/03/2025 22:45;387,9;5439,175
05/03/2025 23:00;400,1;5439,175
05/03/2025 23:15;424,47;5439,175
05/03/2025 23:30;449,11;5439,175
05/03/2025 23:45;488,35;5439,175
06/03/2025 00:00;519,67;5439,175
06/03/2025 00:15;551,12;5439,175
06/03/2025 00:30;593,74;5439,175
06/03/2025 00:45;636,86;5439,175
06/03/2025 01:00;678,69;5439,175
06/03/2025 01:15;724,81;5439,175
06/03/2025 01:30;745,01;5439,175
06/03/2025 01:45;794,28;5439,175
06/03/2025 02:00;863,09;5439,175
06/03/2025 02:15;910,82;5439,175
06/03/2025 02:30;902,69;5439,175
06/03/2025 02:45;970,97;5439,175
06/03/2025 03:00;1029,34;5439,175
06/03/2025 03:15;996,56;5439,175
06/03/2025 03:30;1082,16;5439,175
06/03/2025 03:45;982,88;5439,175
06/03/2025 04:00;1046,31;5439,175
06/03/2025 04:15;1114,5;5439,175
06/03/2025 04:30;1136,79;5439,175
06/03/2025 04:45;1146,02;5439,175
06/03/2025 05:00;1157,89;5439,175
06/03/2025 05:15;1150,16;5439,175
06/03/2025 05:30;1119,64;5439,175
06/03/2025 05:45;1110,75;5439,175
06/03/2025 06:00;1198,98;5439,175
06/03/2025 06:15;1116,63;5439,175
06/03/2025 06:30;1158,8;5439,175
06/03/2025 06:45;1264,85;5439,175
06/03/2025 07:00;1288,25;5439,175
06/03/2025 07:15;1353,72;5439,175
06/03/2025 07:30;1400,38;5439,175
06/03/2025 07:45;1408,13;5439,175
06/03/2025 08:00;1434,77;5439,175
06/03/2025 08:15;1450,97;5439,175
06/03/2025 08:30;1436,74;5439,175
06/03/2025 08:45;1402,98;5439,175
06/03/2025 09:00;1337,5;5439,175
06/03/2025 09:15;1196,11;5439,175
06/03/2025 09:30;1069,62;5439,175
06/03/2025 09:45;1116,14;5439,175
06/03/2025 10:00;1039,7;5439,175
06/03/2025 10:15;866,67;5439,175
06/03/2025 10:30;814,7;5439,175
06/03/2025 10:45;746,44;5439,175
06/03/2025 11:00;727,12;5439,175
06/03/2025 11:15;788,37;5439,175
06/03/2025 11:30;908,53;5439,175
06/03/2025 11:45;946,62;5439,175
06/03/2025 12:00;924,52;5439,175
06/03/2025 12:15;975,7;5439,175
06/03/2025 12:30;991,43;5439,175
06/03/2025 12:45;980,71;5439,175
06/03/2025 13:00;1021,63;5439,175
06/03/2025 13:15;1098,2;5439,175
06/03/2025 13:30;1177,16;5439,175
06/03/2025 13:45;1139,77;5439,175
06/03/2025 14:00;1085,24;5439,175
06/03/2025 14:15;961,83;5439,175
06/03/2025 14:30;953,88;5439,175
06/03/2025 14:45;1307,92;5439,175
06/03/2025 15:00;1175,28;5439,175
06/03/2025 15:15;1006,22;5439,175
06/03/2025 15:30;1300,51;5439,175
06/03/2025 15:45;1396,66;5439,175
06/03/2025 16:00;1423,58;5439,175
06/03/2025 16:15;1319,14;5439,175
06/03/2025 16:30;1337,1;5439,175
06/03/2025 16:45;1322,15;5439,175
06/03/2025 17:00;1226,63;5439,175
06/03/2025 17:15;1152,11;5439,175
06/03/2025 17:30;1239,2;5439,175
06/03/2025 17:45;1240,68;5439,175
06/03/2025 18:00;1112,83;5439,175
06/03/2025 18:15;1019,55;5439,175
06/03/2025 18:30;985,5;5439,175
06/03/2025 18:45;975,68;5439,175
06/03/2025 19:00;987,99;5439,175
06/03/2025 19:15;1035,35;5439,175
06/03/2025 19:30;1107,02;5439,175
06/03/2025 19:45;1236,93;5439,175
06/03/2025 20:00;1475,27;5439,175
06/03/2025 20:15;1761,94;5439,175
06/03/2025 20:30;1969,75;5439,175
06/03/2025 20:45;2084,6;5439,175
06/03/2025 21:00;2261,41;5439,175
06/03/2025 21:15;2355,91;5439,175
06/03/2025 21:30;2442,95;5439,175
06/03/2025 21:45;2431,2;5439,175
06/03/2025 22:00;2397,81;5439,175
06/03/2025 22:15;2344,46;5439,175
06/03/2025 22:30;2301,06;5439,175
06/03/2025 22:45;2284,76;5439,175
06/03/2025 23:00;2308,75;5439,175
06/03/2025 23:15;2427,44;5439,175
06/03/2025 23:30;2580,34;5439,175
06/03/2025 23:45;2652,73;5439,175
07/03/2025 00:00;2674,82;5439,175
07/03/2025 00:15;2594,63;5439,175
07/03/2025 00:30;2578,19;5439,175
07/03/2025 00:45;2531,18;5439,175
07/03/2025 01:00;2470,61;5439,175
07/03/2025 01:15;2364,47;5439,175
07/03/2025 01:30;2370,13;5439,175
07/03/2025 01:45;2263,59;5439,175
07/03/2025 02:00;2187,99;5439,175
07/03/2025 02:15;2267,61;5439,175
07/03/2025 02:30;2208,57;5439,175
07/03/2025 02:45;2059,05;5439,175
07/03/2025 03:00;2037,98;5439,175
07/03/2025 03:15;2067,13;5439,175
07/03/2025 03:30;2095,96;5439,175
07/03/2025 03:45;2033,86;5439,175
07/03/2025 04:00;2001,71;5439,175
07/03/2025 04:15;1959,05;5439,175
07/03/2025 04:30;1956,18;5439,175
07/03/2025 04:45;2023,77;5439,175
07/03/2025 05:00;1961,56;5439,175
07/03/2025 05:15;1908,8;5439,175
07/03/2025 05:30;1843,3;5439,175
07/03/2025 05:45;1804,53;5439,175
07/03/2025 06:00;1640,47;5439,175
07/03/2025 06:15;1664,22;5439,175
07/03/2025 06:30;1698,74;5439,175
07/03/2025 06:45;1686,58;5439,175
07/03/2025 07:00;1695,68;5439,175
07/03/2025 07:15;1615,68;5439,175
07/03/2025 07:30;1524,87;5439,175
07/03/2025 07:45;1509,95;5439,175
07/03/2025 08:00;1512,69;5439,175
07/03/2025 08:15;1444,45;5439,175
07/03/2025 08:30;1378,54;5439,175
07/03/2025 08:45;1371,35;5439,175
07/03/2025 09:00;1328,17;5439,175
07/03/2025 09:15;1206,43;5439,175
07/03/2025 09:30;1095,65;5439,175
07/03/2025 09:45;984,42;5439,175
07/03/2025 10:00;987,4;5439,175
07/03/2025 10:15;954,63;5439,175
07/03/2025 10:30;972,4;5439,175
07/03/2025 10:45;963,18;5439,175
07/03/2025 11:00;957,47;5439,175
07/03/2025 11:15;929,51;5439,175
07/03/2025 11:30;910,7;5439,175
07/03/2025 11:45;872,3;5439,175
07/03/2025 12:00;922,42;5439,175
07/03/2025 12:15;1009,64;5439,175
07/03/2025 12:30;1022,62;5439,175
07/03/2025 12:45;1041,72;5439,175
07/03/2025 13:00;1006,88;5439,175
07/03/2025 13:15;963,18;5439,175
07/03/2025 13:30;950,08;5439,175
07/03/2025 13:45;932,33;5439,175
07/03/2025 14:00;956,4;5439,175
07/03/2025 14:15;968,48;5439,175
07/03/2025 14:30;908,21;5439,175
07/03/2025 14:45;904,53;5439,175
07/03/2025 15:00;865,39;5439,175
07/03/2025 15:15;839,88;5439,175
07/03/2025 15:30;723,76;5439,175
07/03/2025 15:45;734,78;5439,175
07/03/2025 16:00;645,58;5439,175
07/03/2025 16:15;541,31;5439,175
07/03/2025 16:30;584,52;5439,175
07/03/2025 16:45;545,86;5439,175
07/03/2025 17:00;504,53;5439,175
07/03/2025 17:15;463,69;5439,175
07/03/2025 17:30;417,24;5439,175
07/03/2025 17:45;376,15;5439,175
07/03/2025 18:00;353,48;5439,175
07/03/2025 18:15;334,83;5439,175
07/03/2025 18:30;308,98;5439,175
07/03/2025 18:45;320,52;5439,175
07/03/2025 19:00;398,1;5439,175
07/03/2025 19:15;483,57;5439,175
07/03/2025 19:30;531,17;5439,175
07/03/2025 19:45;567,36;5439,175
07/03/2025 20:00;601,36;5439,175
07/03/2025 20:15;630,64;5439,175
07/03/2025 20:30;686,66;5439,175
07/03/2025 20:45;717,98;5439,175
07/03/2025 21:00;741,69;5439,175
07/03/2025 21:15;778,56;5439,175
07/03/2025 21:30;835,25;5439,175
07/03/2025 21:45;896,57;5439,175
07/03/2025 22:00;941,09;5439,175
07/03/2025 22:15;983,01;5439,175
07/03/2025 22:30;1020,67;5439,175
07/03/2025 22:45;1072,35;5439,175
07/03/2025 23:00;1149,4;5439,175
07/03/2025 23:15;1229,62;5439,175
07/03/2025 23:30;1309,45;5439,175
07/03/2025 23:45;1346,22;5439,175
08/03/2025 00:00;1350,78;5439,175
08/03/2025 00:15;1347,82;5439,175
08/03/2025 00:30;1390,86;5439,175
08/03/2025 00:45;1406,2;5439,175
08/03/2025 01:00;1400,65;5439,175
08/03/2025 01:15;1447,16;5439,175
08/03/2025 01:30;1438,55;5439,175
08/03/2025 01:45;1429,2;5439,175
08/03/2025 02:00;1432,34;5439,175
08/03/2025 02:15;1502,71;5439,175
08/03/2025 02:30;1559,59;5439,175
08/03/2025 02:45;1603,44;5439,175
08/03/2025 03:00;1635,45;5439,175
08/03/2025 03:15;1556,99;5439,175
08/03/2025 03:30;1550,17;5439,175
08/03/2025 03:45;1509,27;5439,175
08/03/2025 04:00;1429,03;5439,175
08/03/2025 04:15;1367,92;5439,175
08/03/2025 04:30;1283,47;5439,175
08/03/2025 04:45;1236,63;5439,175
08/03/2025 05:00;1196,4;5439,175
08/03/2025 05:15;1182,14;5439,175
08/03/2025 05:30;1192,35;5439,175
08/03/2025 05:45;1201,73;5439,175
08/03/2025 06:00;1209,22;5439,175
08/03/2025 06:15;1206,61;5439,175
08/03/2025 06:30;1188,62;5439,175
08/03/2025 06:45;1200,59;5439,175
08/03/2025 07:00;1178,35;5439,175
08/03/2025 07:15;1150,62;5439,175
08/03/2025 07:30;1137,06;5439,175
08/03/2025 07:45;1091,04;5439,175
08/03/2025 08:00;1060,46;5439,175
08/03/2025 08:15;1027,05;5439,175
08/03/2025 08:30;971,96;5439,175
08/03/2025 08:45;898,71;5439,175
08/03/2025 09:00;853,47;5439,175
08/03/2025 09:15;763,5;5439,175
08/03/2025 09:30;674,11;5439,175
08/03/2025 09:45;587,89;5439,175
08/03/2025 10:00;496,63;5439,175
08/03/2025 10:15;438,45;5439,175
08/03/2025 10:30;403,34;5439,175
08/03/2025 10:45;355,96;5439,175
08/03/2025 11:00;311,59;5439,175
08/03/2025 11:15;302,17;5439,175
08/03/2025 11:30;320,99;5439,175
08/03/2025 11:45;355,76;5439,175
08/03/2025 12:00;381,75;5439,175
08/03/2025 12:15;397,91;5439,175
08/03/2025 12:30;428,23;5439,175
08/03/2025 12:45;476,44;5439,175
08/03/2025 13:00;516,96;5439,175
08/03/2025 13:15;531,3;5439,175
08/03/2025 13:30;422,72;5439,175
08/03/2025 13:45;415,51;5439,175
08/03/2025 14:00;480,26;5439,175
08/03/2025 14:15;693,08;5439,175
08/03/2025 14:30;705,8;5439,175
08/03/2025 14:45;736,78;5439,175
08/03/2025 15:00;777,68;5439,175
08/03/2025 15:15;746,23;5439,175
08/03/2025 15:30;826,4;5439,175
08/03/2025 15:45;824,64;5439,175
08/03/2025 16:00;791,2;5439,175
08/03/2025 16:15;880,05;5439,175
08/03/2025 16:30;884,29;5439,175
08/03/2025 16:45;876,27;5439,175
08/03/2025 17:00;849,28;5439,175
08/03/2025 17:15;877,94;5439,175
08/03/2025 17:30;923,04;5439,175
08/03/2025 17:45;961,81;5439,175
08/03/2025 18:00;989,55;5439,175
08/03/2025 18:15;1066,69;5439,175
08/03/2025 18:30;1120,03;5439,175
08/03/2025 18:45;1184,64;5439,175
08/03/2025 19:00;1258,3;5439,175
08/03/2025 19:15;1353,59;5439,175
08/03/2025 19:30;1428,09;5439,175
08/03/2025 19:45;1470,18;5439,175
08/03/2025 20:00;1528,24;5439,175
08/03/2025 20:15;1573,16;5439,175
08/03/2025 20:30;1624,7;5439,175
08/03/2025 20:45;1672,24;5439,175
08/03/2025 21:00;1720,77;5439,175
08/03/2025 21:15;1746,5;5439,175
08/03/2025 21:30;1733,19;5439,175
08/03/2025 21:45;1743,65;5439,175
08/03/2025 22:00;1798,47;5439,175
08/03/2025 22:15;1777,65;5439,175
08/03/2025 22:30;1606,18;5439,175
08/03/2025 22:45;1492,09;5439,175
08/03/2025 23:00;1376,52;5439,175
08/03/2025 23:15;1318,88;5439,175
08/03/2025 23:30;1218,47;5439,175
08/03/2025 23:45;1187,63;5439,175
09/03/2025 00:00;1122,02;5439,175
09/03/2025 00:15;1081,92;5439,175
09/03/2025 00:30;1056;5439,175
09/03/2025 00:45;1043,97;5439,175
09/03/2025 01:00;1007,69;5439,175
09/03/2025 01:15;981,59;5439,175
09/03/2025 01:30;993,42;5439,175
09/03/2025 01:45;979,25;5439,175
09/03/2025 02:00;1008,48;5439,175
09/03/2025 02:15;1022,95;5439,175
09/03/2025 02:30;1004,44;5439,175
09/03/2025 02:45;933,46;5439,175
09/03/2025 03:00;916,8;5439,175
09/03/2025 03:15;934,23;5439,175
09/03/2025 03:30;905,2;5439,175
09/03/2025 03:45;867,48;5439,175
09/03/2025 04:00;852,14;5439,175
09/03/2025 04:15;834,17;5439,175
09/03/2025 04:30;811,37;5439,175
09/03/2025 04:45;797,3;5439,175
09/03/2025 05:00;780,26;5439,175
09/03/2025 05:15;761,96;5439,175
09/03/2025 05:30;749,62;5439,175
09/03/2025 05:45;732,45;5439,175
09/03/2025 06:00;712,95;5439,175
09/03/2025 06:15;692,43;5439,175
09/03/2025 06:30;718,59;5439,175
09/03/2025 06:45;755,98;5439,175
09/03/2025 07:00;745,28;5439,175
09/03/2025 07:15;740,96;5439,175
09/03/2025 07:30;742,45;5439,175
09/03/2025 07:45;746,41;5439,175
09/03/2025 08:00;755,93;5439,175
09/03/2025 08:15;736,75;5439,175
09/03/2025 08:30;720,34;5439,175
09/03/2025 08:45;669,41;5439,175
09/03/2025 09:00;633,83;5439,175
09/03/2025 09:15;581,91;5439,175
09/03/2025 09:30;510,16;5439,175
09/03/2025 09:45;454,11;5439,175
09/03/2025 10:00;404,52;5439,175
09/03/2025 10:15;371,32;5439,175
09/03/2025 10:30;347,42;5439,175
09/03/2025 10:45;310,75;5439,175
09/03/2025 11:00;265,11;5439,175
09/03/2025 11:15;241,37;5439,175
09/03/2025 11:30;214,36;5439,175
09/03/2025 11:45;169,83;5439,175
09/03/2025 12:00;151,03;5439,175
09/03/2025 12:15;152,9;5439,175
09/03/2025 12:30;155,47;5439,175
09/03/2025 12:45;153,06;5439,175
09/03/2025 13:00;146,82;5439,175
09/03/2025 13:15;154,77;5439,175
09/03/2025 13:30;182,35;5439,175
09/03/2025 13:45;209,5;5439,175
09/03/2025 14:00;178,88;5439,175
09/03/2025 14:15;164,8;5439,175
09/03/2025 14:30;215,66;5439,175
09/03/2025 14:45;223,14;5439,175
09/03/2025 15:00;234,25;5439,175
09/03/2025 15:15;226,29;5439,175
09/03/2025 15:30;222,65;5439,175
09/03/2025 15:45;223,43;5439,175
09/03/2025 16:00;223,01;5439,175
09/03/2025 16:15;228,52;5439,175
09/03/2025 16:30;232,23;5439,175
09/03/2025 16:45;239,05;5439,175
09/03/2025 17:00;249,54;5439,175
09/03/2025 17:15;265,11;5439,175
09/03/2025 17:30;283,84;5439,175
09/03/2025 17:45;314,25;5439,175
09/03/2025 18:00;364,79;5439,175
09/03/2025 18:15;417,51;5439,175
09/03/2025 18:30;460,16;5439,175
09/03/2025 18:45;498,33;5439,175
09/03/2025 19:00;558,65;5439,175
09/03/2025 19:15;624,34;5439,175
09/03/2025 19:30;697,27;5439,175
09/03/2025 19:45;740,83;5439,175
09/03/2025 20:00;778,64;5439,175
09/03/2025 20:15;819,55;5439,175
09/03/2025 20:30;874,93;5439,175
09/03/2025 20:45;936,84;5439,175
09/03/2025 21:00;943,24;5439,175
09/03/2025 21:15;918,48;5439,175
09/03/2025 21:30;892,68;5439,175
09/03/2025 21:45;871,95;5439,175
09/03/2025 22:00;839,94;5439,175
09/03/2025 22:15;819,96;5439,175
09/03/2025 22:30;799,09;5439,175
09/03/2025 22:45;776,63;5439,175
09/03/2025 23:00;747,65;5439,175
09/03/2025 23:15;716,33;5439,175
09/03/2025 23:30;668,52;5439,175
09/03/2025 23:45;606,42;5439,175
10/03/2025 00:00;557,95;5439,175
10/03/2025 00:15;520,02;5439,175
10/03/2025 00:30;479,99;5439,175
10/03/2025 00:45;439,71;5439,175
10/03/2025 01:00;395,47;5439,175
10/03/2025 01:15;389,7;5439,175
10/03/2025 01:30;371,65;5439,175
10/03/2025 01:45;334,69;5439,175
10/03/2025 02:00;290,54;5439,175
10/03/2025 02:15;263,4;5439,175
10/03/2025 02:30;237,69;5439,175
10/03/2025 02:45;224,17;5439,175
10/03/2025 03:00;229,92;5439,175
10/03/2025 03:15;227,71;5439,175
10/03/2025 03:30;232,18;5439,175
10/03/2025 03:45;233,96;5439,175
10/03/2025 04:00;237,56;5439,175
10/03/2025 04:15;244,53;5439,175
10/03/2025 04:30;270,69;5439,175
10/03/2025 04:45;286,51;5439,175
10/03/2025 05:00;292,62;5439,175
10/03/2025 05:15;307,87;5439,175
10/03/2025 05:30;331,86;5439,175
10/03/2025 05:45;358,24;5439,175
10/03/2025 06:00;366,52;5439,175
10/03/2025 06:15;389,89;5439,175
10/03/2025 06:30;408,46;5439,175
10/03/2025 06:45;400,66;5439,175
10/03/2025 07:00;389,63;5439,175
10/03/2025 07:15;390,51;5439,175
10/03/2025 07:30;409,63;5439,175
10/03/2025 07:45;429,68;5439,175
10/03/2025 08:00;436,4;5439,175
10/03/2025 08:15;423,78;5439,175
10/03/2025 08:30;395,59;5439,175
10/03/2025 08:45;388,76;5439,175
10/03/2025 09:00;336,36;5439,175
10/03/2025 09:15;291,43;5439,175
10/03/2025 09:30;237,1;5439,175
10/03/2025 09:45;201,16;5439,175
10/03/2025 10:00;192,54;5439,175
10/03/2025 10:15;188,97;5439,175
10/03/2025 10:30;196,31;5439,175
10/03/2025 10:45;223,61;5439,175
10/03/2025 11:00;241,95;5439,175
10/03/2025 11:15;251,44;5439,175
10/03/2025 11:30;244,04;5439,175
10/03/2025 11:45;222,53;5439,175
10/03/2025 12:00;180,13;5439,175
10/03/2025 12:15;160,87;5439,175
10/03/2025 12:30;170,57;5439,175
10/03/2025 12:45;103,83;5439,175
10/03/2025 13:00;104,98;5439,175
10/03/2025 13:15;110,79;5439,175
10/03/2025 13:30;116,4;5439,175
10/03/2025 13:45;118,44;5439,175
10/03/2025 14:00;121,42;5439,175
10/03/2025 14:15;124,9;5439,175
10/03/2025 14:30;131,23;5439,175
10/03/2025 14:45;148,18;5439,175
10/03/2025 15:00;166,03;5439,175
10/03/2025 15:15;199,35;5439,175
10/03/2025 15:30;265,75;5439,175
10/03/2025 15:45;325,28;5439,175
10/03/2025 16:00;363,26;5439,175
10/03/2025 16:15;407,38;5439,175
10/03/2025 16:30;444,85;5439,175
10/03/2025 16:45;456,82;5439,175
10/03/2025 17:00;437,49;5439,175
10/03/2025 17:15;443,78;5439,175
10/03/2025 17:30;531,15;5439,175
10/03/2025 17:45;582,84;5439,175
10/03/2025 18:00;630,16;5439,175
10/03/2025 18:15;641,23;5439,175
10/03/2025 18:30;644,84;5439,175
10/03/2025 18:45;700,71;5439,175
10/03/2025 19:00;732,98;5439,175
10/03/2025 19:15;697,38;5439,175
10/03/2025 19:30;676,35;5439,175
10/03/2025 19:45;674,82;5439,175
10/03/2025 20:00;676,56;5439,175
10/03/2025 20:15;661,93;5439,175
10/03/2025 20:30;664,4;5439,175
10/03/2025 20:45;723,54;5439,175
10/03/2025 21:00;822,79;5439,175
10/03/2025 21:15;908,74;5439,175
10/03/2025 21:30;997,03;5439,175
10/03/2025 21:45;1034,28;5439,175
10/03/2025 22:00;972,37;5439,175
10/03/2025 22:15;907,94;5439,175
10/03/2025 22:30;874,37;5439,175
10/03/2025 22:45;849,29;5439,175
10/03/2025 23:00;827,29;5439,175
10/03/2025 23:15;799,94;5439,175
10/03/2025 23:30;798,11;5439,175
10/03/2025 23:45;837,08;5439,175
11/03/2025 00:00;836,18;5439,175
11/03/2025 00:15;908,01;5439,175
11/03/2025 00:30;956,62;5439,175
11/03/2025 00:45;952,43;5439,175
11/03/2025 01:00;917,22;5439,175
11/03/2025 01:15;906,83;5439,175
11/03/2025 01:30;916,76;5439,175
11/03/2025 01:45;958,46;5439,175
11/03/2025 02:00;962,69;5439,175
11/03/2025 02:15;1014,49;5439,175
11/03/2025 02:30;1029,58;5439,175
11/03/2025 02:45;1030,85;5439,175
11/03/2025 03:00;1079,32;5439,175
11/03/2025 03:15;1204,54;5439,175
11/03/2025 03:30;1281,18;5439,175
11/03/2025 03:45;1362,4;5439,175
11/03/2025 04:00;1392,42;5439,175
11/03/2025 04:15;1499,25;5439,175
11/03/2025 04:30;1518,66;5439,175
11/03/2025 04:45;1569,14;5439,175
11/03/2025 05:00;1608,92;5439,175
11/03/2025 05:15;1697,3;5439,175
11/03/2025 05:30;1808,16;5439,175
11/03/2025 05:45;1717;5439,175
11/03/2025 06:00;1685,61;5439,175
11/03/2025 06:15;1594,14;5439,175
11/03/2025 06:30;1558,08;5439,175
11/03/2025 06:45;1433,9;5439,175
11/03/2025 07:00;1387,96;5439,175
11/03/2025 07:15;1418,8;5439,175
11/03/2025 07:30;1405,71;5439,175
11/03/2025 07:45;1422,15;5439,175
11/03/2025 08:00;1354,08;5439,175
11/03/2025 08:15;1246,15;5439,175
11/03/2025 08:30;1184,71;5439,175
11/03/2025 08:45;1144,39;5439,175
11/03/2025 09:00;1007,55;5439,175
11/03/2025 09:15;923,78;5439,175
11/03/2025 09:30;908,73;5439,175
11/03/2025 09:45;951,12;5439,175
11/03/2025 10:00;997,64;5439,175
11/03/2025 10:15;1045,42;5439,175
11/03/2025 10:30;962,67;5439,175
11/03/2025 10:45;895,64;5439,175
11/03/2025 11:00;876,43;5439,175
11/03/2025 11:15;898,31;5439,175
11/03/2025 11:30;887,75;5439,175
11/03/2025 11:45;875,73;5439,175
11/03/2025 12:00;869,88;5439,175
11/03/2025 12:15;874,6;5439,175
11/03/2025 12:30;888,49;5439,175
11/03/2025 12:45;915,42;5439,175
11/03/2025 13:00;934,78;5439,175
11/03/2025 13:15;940,28;5439,175
11/03/2025 13:30;933,95;5439,175
11/03/2025 13:45;921,13;5439,175
11/03/2025 14:00;946,96;5439,175
11/03/2025 14:15;1001,76;5439,175
11/03/2025 14:30;1001,27;5439,175
11/03/2025 14:45;924,42;5439,175
11/03/2025 15:00;909,35;5439,175
11/03/2025 15:15;892,38;5439,175
11/03/2025 15:30;954,61;5439,175
11/03/2025 15:45;911,31;5439,175
11/03/2025 16:00;833,85;5439,175
11/03/2025 16:15;861,23;5439,175
11/03/2025 16:30;966,65;5439,175
11/03/2025 16:45;979,28;5439,175
11/03/2025 17:00;946,56;5439,175
11/03/2025 17:15;966,08;5439,175
11/03/2025 17:30;1071;5439,175
11/03/2025 17:45;967,54;5439,175
11/03/2025 18:00;931,67;5439,175
11/03/2025 18:15;932,75;5439,175
11/03/2025 18:30;931,94;5439,175
11/03/2025 18:45;979,16;5439,175
11/03/2025 19:00;973,69;5439,175
11/03/2025 19:15;971,62;5439,175
11/03/2025 19:30;919,76;5439,175
11/03/2025 19:45;863,27;5439,175
11/03/2025 20:00;806,18;5439,175
11/03/2025 20:15;781,05;5439,175
11/03/2025 20:30;734,29;5439,175
11/03/2025 20:45;749,41;5439,175
11/03/2025 21:00;735,92;5439,175
11/03/2025 21:15;713,85;5439,175
11/03/2025 21:30;772,06;5439,175
11/03/2025 21:45;774,62;5439,175
11/03/2025 22:00;725,36;5439,175
11/03/2025 22:15;788,95;5439,175
11/03/2025 22:30;790,88;5439,175
11/03/2025 22:45;669,55;5439,175
11/03/2025 23:00;676,21;5439,175
11/03/2025 23:15;750,33;5439,175
11/03/2025 23:30;754,57;5439,175
11/03/2025 23:45;690,13;5439,175
12/03/2025 00:00;771,77;5439,175
12/03/2025 00:15;897,91;5439,175
12/03/2025 00:30;847,26;5439,175
12/03/2025 00:45;759,76;5439,175
12/03/2025 01:00;651,36;5439,175
12/03/2025 01:15;587,24;5439,175
12/03/2025 01:30;544,12;5439,175
12/03/2025 01:45;626,59;5439,175
12/03/2025 02:00;623,42;5439,175
12/03/2025 02:15;603,01;5439,175
12/03/2025 02:30;562,6;5439,175
12/03/2025 02:45;531,14;5439,175
12/03/2025 03:00;530,36;5439,175
12/03/2025 03:15;545,38;5439,175
12/03/2025 03:30;510,74;5439,175
12/03/2025 03:45;486,17;5439,175
12/03/2025 04:00;476,29;5439,175
12/03/2025 04:15;461,73;5439,175
12/03/2025 04:30;459,53;5439,175
12/03/2025 04:45;445,85;5439,175
12/03/2025 05:00;432,77;5439,175
12/03/2025 05:15;378,97;5439,175
12/03/2025 05:30;302,65;5439,175
12/03/2025 05:45;253,74;5439,175
12/03/2025 06:00;219,14;5439,175
12/03/2025 06:15;219,73;5439,175
12/03/2025 06:30;229,03;5439,175
12/03/2025 06:45;270,16;5439,175
12/03/2025 07:00;299,96;5439,175
12/03/2025 07:15;320,83;5439,175
12/03/2025 07:30;315,11;5439,175
12/03/2025 07:45;280,98;5439,175
12/03/2025 08:00;240,38;5439,175
12/03/2025 08:15;226,81;5439,175
12/03/2025 08:30;234,56;5439,175
12/03/2025 08:45;240,54;5439,175
12/03/2025 09:00;255,1;5439,175
12/03/2025 09:15;202,14;5439,175
12/03/2025 09:30;130,32;5439,175
12/03/2025 09:45;81,72;5439,175
12/03/2025 10:00;114,13;5439,175
12/03/2025 10:15;154,97;5439,175
12/03/2025 10:30;170,54;5439,175
12/03/2025 10:45;156,31;5439,175
12/03/2025 11:00;191,76;5439,175
12/03/2025 11:15;199,3;5439,175
12/03/2025 11:30;220,3;5439,175
12/03/2025 11:45;212,52;5439,175
12/03/2025 12:00;214,5;5439,175
12/03/2025 12:15;199,17;5439,175
12/03/2025 12:30;218,76;5439,175
12/03/2025 12:45;265,29;5439,175
12/03/2025 13:00;279,24;5439,175
12/03/2025 13:15;310,65;5439,175
12/03/2025 13:30;301,45;5439,175
12/03/2025 13:45;306,55;5439,175
12/03/2025 14:00;326,31;5439,175
12/03/2025 14:15;327,49;5439,175
12/03/2025 14:30;346,25;5439,175
12/03/2025 14:45;350,56;5439,175
12/03/2025 15:00;368,89;5439,175
12/03/2025 15:15;355,5;5439,175
12/03/2025 15:30;367,25;5439,175
12/03/2025 15:45;340,51;5439,175
12/03/2025 16:00;319,1;5439,175
12/03/2025 16:15;287,53;5439,175
12/03/2025 16:30;259,86;5439,175
12/03/2025 16:45;228,09;5439,175
12/03/2025 17:00;184,7;5439,175
12/03/2025 17:15;156,14;5439,175
12/03/2025 17:30;146,77;5439,175
12/03/2025 17:45;125,24;5439,175
12/03/2025 18:00;110;5439,175
12/03/2025 18:15;98,25;5439,175
12/03/2025 18:30;87,99;5439,175
12/03/2025 18:45;100,51;5439,175
12/03/2025 19:00;100,5;5439,175
12/03/2025 19:15;97,5;5439,175
12/03/2025 19:30;77,34;5439,175
12/03/2025 19:45;54,67;5439,175
12/03/2025 20:00;45,14;5439,175
12/03/2025 20:15;43,77;5439,175
12/03/2025 20:30;43,75;5439,175
12/03/2025 20:45;46,69;5439,175
12/03/2025 21:00;57,55;5439,175
12/03/2025 21:15;57,44;5439,175
12/03/2025 21:30;52,22;5439,175
12/03/2025 21:45;83,26;5439,175
12/03/2025 22:00;114,69;5439,175
12/03/2025 22:15;131,1;5439,175
12/03/2025 22:30;125,71;5439,175
12/03/2025 22:45;125,18;5439,175
12/03/2025 23:00;132,02;5439,175
12/03/2025 23:15;132,03;5439,175
12/03/2025 23:30;118,23;5439,175
12/03/2025 23:45;109,72;5439,175
13/03/2025 00:00;157,31;5439,175
13/03/2025 00:15;197,11;5439,175
13/03/2025 00:30;212,53;5439,175
13/03/2025 00:45;259,6;5439,175
13/03/2025 01:00;336,94;5439,175
13/03/2025 01:15;371,94;5439,175
13/03/2025 01:30;393,17;5439,175
13/03/2025 01:45;410,39;5439,175
13/03/2025 02:00;478,4;5439,175
13/03/2025 02:15;548;5439,175
13/03/2025 02:30;547,4;5439,175
13/03/2025 02:45;514,75;5439,175
13/03/2025 03:00;454,66;5439,175
13/03/2025 03:15;397,54;5439,175
13/03/2025 03:30;443,97;5439,175
13/03/2025 03:45;470,18;5439,175
13/03/2025 04:00;428,16;5439,175
13/03/2025 04:15;377,09;5439,175
13/03/2025 04:30;371,91;5439,175
13/03/2025 04:45;400,93;5439,175
13/03/2025 05:00;408,6;5439,175
13/03/2025 05:15;369,43;5439,175
13/03/2025 05:30;421,32;5439,175
13/03/2025 05:45;453,12;5439,175
13/03/2025 06:00;330,92;5439,175
13/03/2025 06:15;401,95;5439,175
13/03/2025 06:30;638,76;5439,175
13/03/2025 06:45;497,2;5439,175
13/03/2025 07:00;490,72;5439,175
13/03/2025 07:15;502,47;5439,175
13/03/2025 07:30;417,54;5439,175
13/03/2025 07:45;392,48;5439,175
13/03/2025 08:00;455,82;5439,175
13/03/2025 08:15;537,88;5439,175
13/03/2025 08:30;536,98;5439,175
13/03/2025 08:45;433,02;5439,175
13/03/2025 09:00;401,56;5439,175
13/03/2025 09:15;478,38;5439,175
13/03/2025 09:30;411,5;5439,175
13/03/2025 09:45;309,18;5439,175
13/03/2025 10:00;258,32;5439,175
13/03/2025 10:15;362,79;5439,175
13/03/2025 10:30;396,74;5439,175
13/03/2025 10:45;384,96;5439,175
13/03/2025 11:00;488,03;5439,175
13/03/2025 11:15;501,21;5439,175
13/03/2025 11:30;446,22;5439,175
13/03/2025 11:45;369,48;5439,175
13/03/2025 12:00;401,78;5439,175
13/03/2025 12:15;413,69;5439,175
13/03/2025 12:30;448,31;5439,175
13/03/2025 12:45;496,01;5439,175
13/03/2025 13:00;611,3;5439,175
13/03/2025 13:15;581,71;5439,175
13/03/2025 13:30;503,52;5439,175
13/03/2025 13:45;536,99;5439,175
13/03/2025 14:00;515,28;5439,175
13/03/2025 14:15;558,85;5439,175
13/03/2025 14:30;584,55;5439,175
13/03/2025 14:45;521,13;5439,175
13/03/2025 15:00;498,44;5439,175
13/03/2025 15:15;509,32;5439,175
13/03/2025 15:30;514;5439,175
13/03/2025 15:45;496,81;5439,175
13/03/2025 16:00;549,84;5439,175
13/03/2025 16:15;581,05;5439,175
13/03/2025 16:30;624,57;5439,175
13/03/2025 16:45;620,76;5439,175
13/03/2025 17:00;707,1;5439,175
13/03/2025 17:15;754,69;5439,175
13/03/2025 17:30;758,79;5439,175
13/03/2025 17:45;811,12;5439,175
13/03/2025 18:00;769,38;5439,175
13/03/2025 18:15;704,06;5439,175
13/03/2025 18:30;697,09;5439,175
13/03/2025 18:45;702,42;5439,175
13/03/2025 19:00;680,85;5439,175
13/03/2025 19:15;791,57;5439,175
13/03/2025 19:30;907,52;5439,175
13/03/2025 19:45;961,42;5439,175
13/03/2025 20:00;763,65;5439,175
13/03/2025 20:15;613,3;5439,175
13/03/2025 20:30;666,44;5439,175
13/03/2025 20:45;807,76;5439,175
13/03/2025 21:00;931,45;5439,175
13/03/2025 21:15;884,94;5439,175
13/03/2025 21:30;834,87;5439,175
13/03/2025 21:45;804,01;5439,175
13/03/2025 22:00;816,96;5439,175
13/03/2025 22:15;693,38;5439,175
13/03/2025 22:30;584,34;5439,175
13/03/2025 22:45;518,19;5439,175
13/03/2025 23:00;432,37;5439,175
13/03/2025 23:15;383,62;5439,175
13/03/2025 23:30;353,68;5439,175
13/03/2025 23:45;350,37;5439,175
14/03/2025 00:00;356,12;5439,175
14/03/2025 00:15;415,35;5439,175
14/03/2025 00:30;487,61;5439,175
14/03/2025 00:45;506,97;5439,175
14/03/2025 01:00;497,31;5439,175
14/03/2025 01:15;467,17;5439,175
14/03/2025 01:30;442,84;5439,175
14/03/2025 01:45;404,56;5439,175
14/03/2025 02:00;379,73;5439,175
14/03/2025 02:15;345,31;5439,175
14/03/2025 02:30;290,4;5439,175
14/03/2025 02:45;245,95;5439,175
14/03/2025 03:00;234,76;5439,175
14/03/2025 03:15;235,13;5439,175
14/03/2025 03:30;224,73;5439,175
14/03/2025 03:45;268,23;5439,175
14/03/2025 04:00;553,63;5439,175
14/03/2025 04:15;439,45;5439,175
14/03/2025 04:30;272,47;5439,175
14/03/2025 04:45;187;5439,175
14/03/2025 05:00;139,58;5439,175
14/03/2025 05:15;121,22;5439,175
14/03/2025 05:30;121,06;5439,175
14/03/2025 05:45;138,13;5439,175
14/03/2025 06:00;164,83;5439,175
14/03/2025 06:15;155,88;5439,175
14/03/2025 06:30;112,13;5439,175
14/03/2025 06:45;86,35;5439,175
14/03/2025 07:00;86,47;5439,175
14/03/2025 07:15;89,85;5439,175
14/03/2025 07:30;126,88;5439,175
14/03/2025 07:45;127,77;5439,175
14/03/2025 08:00;108,17;5439,175
14/03/2025 08:15;52,78;5439,175
14/03/2025 08:30;30,74;5439,175
14/03/2025 08:45;23,05;5439,175
14/03/2025 09:00;13,87;5439,175
14/03/2025 09:15;16,39;5439,175
14/03/2025 09:30;43,37;5439,175
14/03/2025 09:45;61,61;5439,175
14/03/2025 10:00;77,26;5439,175
14/03/2025 10:15;157,2;5439,175
14/03/2025 10:30;312,18;5439,175
14/03/2025 10:45;211,15;5439,175
14/03/2025 11:00;124,15;5439,175
14/03/2025 11:15;125,28;5439,175
14/03/2025 11:30;156,24;5439,175
14/03/2025 11:45;154,6;5439,175
14/03/2025 12:00;159,02;5439,175
14/03/2025 12:15;151,07;5439,175
14/03/2025 12:30;150,38;5439,175
14/03/2025 12:45;187,62;5439,175
14/03/2025 13:00;218,54;5439,175
14/03/2025 13:15;237,7;5439,175
14/03/2025 13:30;237,26;5439,175
14/03/2025 13:45;315;5439,175
14/03/2025 14:00;376,75;5439,175
14/03/2025 14:15;386,65;5439,175
14/03/2025 14:30;411,15;5439,175
14/03/2025 14:45;399,61;5439,175
14/03/2025 15:00;439,66;5439,175
14/03/2025 15:15;508,09;5439,175
14/03/2025 15:30;568,88;5439,175
14/03/2025 15:45;603,59;5439,175
14/03/2025 16:00;646,32;5439,175
14/03/2025 16:15;767,73;5439,175
14/03/2025 16:30;876,41;5439,175
14/03/2025 16:45;882,35;5439,175
14/03/2025 17:00;974,82;5439,175
14/03/2025 17:15;1046,15;5439,175
14/03/2025 17:30;1126,38;5439,175
14/03/2025 17:45;1184,7;5439,175
14/03/2025 18:00;1202,52;5439,175
14/03/2025 18:15;1294,53;5439,175
14/03/2025 18:30;1343,26;5439,175
14/03/2025 18:45;1410;5439,175
14/03/2025 19:00;1399,03;5439,175
14/03/2025 19:15;1430,33;5439,175
14/03/2025 19:30;1519,18;5439,175
14/03/2025 19:45;1733,4;5439,175
14/03/2025 20:00;1858,75;5439,175
14/03/2025 20:15;1810,72;5439,175
14/03/2025 20:30;1698,16;5439,175
14/03/2025 20:45;1728,07;5439,175
14/03/2025 21:00;1895,1;5439,175
14/03/2025 21:15;2120,04;5439,175
14/03/2025 21:30;1816,43;5439,175
14/03/2025 21:45;1732,12;5439,175
14/03/2025 22:00;2035,11;5439,175
14/03/2025 22:15;2119,36;5439,175
14/03/2025 22:30;2145,27;5439,175
14/03/2025 22:45;2174,31;5439,175
14/03/2025 23:00;2227,33;5439,175
14/03/2025 23:15;2244,18;5439,175
14/03/2025 23:30;2208,78;5439,175
14/03/2025 23:45;2157,8;5439,175
15/03/2025 00:00;2206,47;5439,175
15/03/2025 00:15;2249,39;5439,175
15/03/2025 00:30;2330,78;5439,175
15/03/2025 00:45;2321,96;5439,175
15/03/2025 01:00;2245,05;5439,175
15/03/2025 01:15;2100,15;5439,175
15/03/2025 01:30;1988,51;5439,175
15/03/2025 01:45;1973,21;5439,175
15/03/2025 02:00;1894,68;5439,175
15/03/2025 02:15;1901,14;5439,175
15/03/2025 02:30;1875,58;5439,175
15/03/2025 02:45;1962,21;5439,175
15/03/2025 03:00;1953,52;5439,175
15/03/2025 03:15;2010,84;5439,175
15/03/2025 03:30;2000,21;5439,175
15/03/2025 03:45;1998,65;5439,175
15/03/2025 04:00;2048,71;5439,175
15/03/2025 04:15;2188,41;5439,175
15/03/2025 04:30;2093,06;5439,175
15/03/2025 04:45;2041,02;5439,175
15/03/2025 05:00;1852,09;5439,175
15/03/2025 05:15;1649,32;5439,175
15/03/2025 05:30;1661,21;5439,175
15/03/2025 05:45;1732,3;5439,175
15/03/2025 06:00;1779,71;5439,175
15/03/2025 06:15;1992,92;5439,175
15/03/2025 06:30;2186,33;5439,175
15/03/2025 06:45;2237,91;5439,175
15/03/2025 07:00;2444,01;5439,175
15/03/2025 07:15;2465,78;5439,175
15/03/2025 07:30;2461,24;5439,175
15/03/2025 07:45;2438,97;5439,175
15/03/2025 08:00;2507,12;5439,175
15/03/2025 08:15;2513,34;5439,175
15/03/2025 08:30;2505,94;5439,175
15/03/2025 08:45;2573,95;5439,175
15/03/2025 09:00;2568,24;5439,175
15/03/2025 09:15;2584,61;5439,175
15/03/2025 09:30;2604,5;5439,175
15/03/2025 09:45;2577,79;5439,175
15/03/2025 10:00;2550,69;5439,175
15/03/2025 10:15;2587,1;5439,175
15/03/2025 10:30;2562,3;5439,175
15/03/2025 10:45;2453,03;5439,175
15/03/2025 11:00;2430,74;5439,175
15/03/2025 11:15;2340,46;5439,175
15/03/2025 11:30;2217,39;5439,175
15/03/2025 11:45;2099,91;5439,175
15/03/2025 12:00;2032,47;5439,175
15/03/2025 12:15;1966,04;5439,175
15/03/2025 12:30;1890,09;5439,175
15/03/2025 12:45;1625,48;5439,175
15/03/2025 13:00;1565,61;5439,175
15/03/2025 13:15;1612,68;5439,175
15/03/2025 13:30;1477,71;5439,175
15/03/2025 13:45;1439,93;5439,175
15/03/2025 14:00;1432,82;5439,175
15/03/2025 14:15;1444,14;5439,175
15/03/2025 14:30;1551,89;5439,175
15/03/2025 14:45;1722,35;5439,175
15/03/2025 15:00;2027,33;5439,175
15/03/2025 15:15;2042,19;5439,175
15/03/2025 15:30;2289,6;5439,175
15/03/2025 15:45;2517,87;5439,175
15/03/2025 16:00;2615,11;5439,175
15/03/2025 16:15;2818,86;5439,175
15/03/2025 16:30;2690,3;5439,175
15/03/2025 16:45;2560,9;5439,175
15/03/2025 17:00;2915,71;5439,175
15/03/2025 17:15;2407,61;5439,175
15/03/2025 17:30;2778,16;5439,175
15/03/2025 17:45;2848,56;5439,175
15/03/2025 18:00;2894,81;5439,175
15/03/2025 18:15;2958,62;5439,175
15/03/2025 18:30;3036,91;5439,175
15/03/2025 18:45;2949,84;5439,175
15/03/2025 19:00;2930,49;5439,175
15/03/2025 19:15;2931,92;5439,175
15/03/2025 19:30;2918,95;5439,175
15/03/2025 19:45;2962,93;5439,175
15/03/2025 20:00;3018,84;5439,175
15/03/2025 20:15;3022,94;5439,175
15/03/2025 20:30;3012,85;5439,175
15/03/2025 20:45;2924,8;5439,175
15/03/2025 21:00;2853,62;5439,175
15/03/2025 21:15;2827,69;5439,175
15/03/2025 21:30;2827,58;5439,175
15/03/2025 21:45;2758,18;5439,175
15/03/2025 22:00;2724,8;5439,175
15/03/2025 22:15;2675,88;5439,175
15/03/2025 22:30;2555,44;5439,175
15/03/2025 22:45;2548,35;5439,175
15/03/2025 23:00;2607,55;5439,175
15/03/2025 23:15;2660,84;5439,175
15/03/2025 23:30;2586,38;5439,175
15/03/2025 23:45;2485,13;5439,175
16/03/2025 00:00;2408,85;5439,175
16/03/2025 00:15;2337,84;5439,175
16/03/2025 00:30;2322,35;5439,175
16/03/2025 00:45;2291,92;5439,175
16/03/2025 01:00;2211,61;5439,175
16/03/2025 01:15;2091,48;5439,175
16/03/2025 01:30;2038,94;5439,175
16/03/2025 01:45;2030,68;5439,175
16/03/2025 02:00;2012,74;5439,175
16/03/2025 02:15;1944,72;5439,175
16/03/2025 02:30;1897,54;5439,175
16/03/2025 02:45;1846,4;5439,175
16/03/2025 03:00;1803,28;5439,175
16/03/2025 03:15;1760,82;5439,175
16/03/2025 03:30;1764,28;5439,175
16/03/2025 03:45;1767,38;5439,175
16/03/2025 04:00;1770,08;5439,175
16/03/2025 04:15;1771,74;5439,175
16/03/2025 04:30;1775,15;5439,175
16/03/2025 04:45;1743,34;5439,175
16/03/2025 05:00;1678,17;5439,175
16/03/2025 05:15;1625,43;5439,175
16/03/2025 05:30;1602,61;5439,175
16/03/2025 05:45;1635,47;5439,175
16/03/2025 06:00;1707,95;5439,175
16/03/2025 06:15;1734,54;5439,175
16/03/2025 06:30;1710,44;5439,175
16/03/2025 06:45;1683,68;5439,175
16/03/2025 07:00;1678,71;5439,175
16/03/2025 07:15;1616,72;5439,175
16/03/2025 07:30;1515,85;5439,175
16/03/2025 07:45;1432,42;5439,175
16/03/2025 08:00;1365,05;5439,175
16/03/2025 08:15;1342,64;5439,175
16/03/2025 08:30;1300,25;5439,175
16/03/2025 08:45;1272,73;5439,175
16/03/2025 09:00;1285,11;5439,175
16/03/2025 09:15;1281,66;5439,175
16/03/2025 09:30;1223,39;5439,175
16/03/2025 09:45;1210,83;5439,175
16/03/2025 10:00;1198,21;5439,175
16/03/2025 10:15;1148,87;5439,175
16/03/2025 10:30;1266,71;5439,175
16/03/2025 10:45;1331,94;5439,175
16/03/2025 11:00;1284,81;5439,175
16/03/2025 11:15;1284,1;5439,175
16/03/2025 11:30;1264,51;5439,175
16/03/2025 11:45;1298,49;5439,175
16/03/2025 12:00;1301,81;5439,175
16/03/2025 12:15;1175,48;5439,175
16/03/2025 12:30;980,94;5439,175
16/03/2025 12:45;987,35;5439,175
16/03/2025 13:00;1159,86;5439,175
16/03/2025 13:15;1307,38;5439,175
16/03/2025 13:30;1419,7;5439,175
16/03/2025 13:45;1250,5;5439,175
16/03/2025 14:00;1224,09;5439,175
16/03/2025 14:15;906,49;5439,175
16/03/2025 14:30;1087,3;5439,175
16/03/2025 14:45;1207,12;5439,175
16/03/2025 15:00;1289,22;5439,175
16/03/2025 15:15;1305,88;5439,175
16/03/2025 15:30;1356,01;5439,175
16/03/2025 15:45;1384,02;5439,175
16/03/2025 16:00;1423,5;5439,175
16/03/2025 16:15;1468,49;5439,175
16/03/2025 16:30;1452,1;5439,175
16/03/2025 16:45;1469,92;5439,175
16/03/2025 17:00;1465,98;5439,175
16/03/2025 17:15;1243,16;5439,175
16/03/2025 17:30;1450,98;5439,175
16/03/2025 17:45;1522;5439,175
16/03/2025 18:00;1501,24;5439,175
16/03/2025 18:15;1421,9;5439,175
16/03/2025 18:30;1311,71;5439,175
16/03/2025 18:45;1300,45;5439,175
16/03/2025 19:00;1465,2;5439,175
16/03/2025 19:15;1510,87;5439,175
16/03/2025 19:30;1538,79;5439,175
16/03/2025 19:45;1530,52;5439,175
16/03/2025 20:00;1506,69;5439,175
16/03/2025 20:15;1437,06;5439,175
16/03/2025 20:30;1304,93;5439,175
16/03/2025 20:45;1198,84;5439,175
16/03/2025 21:00;1135,9;5439,175
16/03/2025 21:15;1081,64;5439,175
16/03/2025 21:30;1042,64;5439,175
16/03/2025 21:45;963,9;5439,175
16/03/2025 22:00;860,96;5439,175
16/03/2025 22:15;801,26;5439,175
16/03/2025 22:30;765,01;5439,175
16/03/2025 22:45;713,77;5439,175
16/03/2025 23:00;663,04;5439,175
16/03/2025 23:15;655,12;5439,175
16/03/2025 23:30;637,51;5439,175
16/03/2025 23:45;618,19;5439,175
17/03/2025 00:00;650,84;5439,175
17/03/2025 00:15;793,09;5439,175
17/03/2025 00:30;826,32;5439,175
17/03/2025 00:45;776,44;5439,175
17/03/2025 01:00;828,95;5439,175
17/03/2025 01:15;915,16;5439,175
17/03/2025 01:30;929,33;5439,175
17/03/2025 01:45;968,55;5439,175
17/03/2025 02:00;1009,79;5439,175
17/03/2025 02:15;993,54;5439,175
17/03/2025 02:30;901,49;5439,175
17/03/2025 02:45;740,57;5439,175
17/03/2025 03:00;641,92;5439,175
17/03/2025 03:15;668,67;5439,175
17/03/2025 03:30;770,2;5439,175
17/03/2025 03:45;877,1;5439,175
17/03/2025 04:00;874,19;5439,175
17/03/2025 04:15;816;5439,175
17/03/2025 04:30;904,6;5439,175
17/03/2025 04:45;893,42;5439,175
17/03/2025 05:00;781,75;5439,175
17/03/2025 05:15;756,86;5439,175
17/03/2025 05:30;689,16;5439,175
17/03/2025 05:45;696,03;5439,175
17/03/2025 06:00;685,21;5439,175
17/03/2025 06:15;712,14;5439,175
17/03/2025 06:30;733,56;5439,175
17/03/2025 06:45;738,21;5439,175
17/03/2025 07:00;730,05;5439,175
17/03/2025 07:15;698,36;5439,175
17/03/2025 07:30;718,36;5439,175
17/03/2025 07:45;723,42;5439,175
17/03/2025 08:00;710,15;5439,175
17/03/2025 08:15;720,64;5439,175
17/03/2025 08:30;675,94;5439,175
17/03/2025 08:45;648,2;5439,175
17/03/2025 09:00;695,73;5439,175
17/03/2025 09:15;710,07;5439,175
17/03/2025 09:30;671,84;5439,175
17/03/2025 09:45;679,51;5439,175
17/03/2025 10:00;641,87;5439,175
17/03/2025 10:15;657,22;5439,175
17/03/2025 10:30;689,18;5439,175
17/03/2025 10:45;784,39;5439,175
17/03/2025 11:00;826,1;5439,175
17/03/2025 11:15;818,86;5439,175
17/03/2025 11:30;863,85;5439,175
17/03/2025 11:45;899,62;5439,175
17/03/2025 12:00;1032,66;5439,175
17/03/2025 12:15;1052,38;5439,175
17/03/2025 12:30;898,14;5439,175
17/03/2025 12:45;777,71;5439,175
17/03/2025 13:00;751,84;5439,175
17/03/2025 13:15;780,98;5439,175
17/03/2025 13:30;845,83;5439,175
17/03/2025 13:45;860,33;5439,175
17/03/2025 14:00;915,23;5439,175
17/03/2025 14:15;966,22;5439,175
17/03/2025 14:30;1093,81;5439,175
17/03/2025 14:45;1095,59;5439,175
17/03/2025 15:00;941,28;5439,175
17/03/2025 15:15;834,01;5439,175
17/03/2025 15:30;750,95;5439,175
17/03/2025 15:45;681;5439,175
17/03/2025 16:00;777,21;5439,175
17/03/2025 16:15;829,91;5439,175
17/03/2025 16:30;861,8;5439,175
17/03/2025 16:45;911,09;5439,175
17/03/2025 17:00;985,8;5439,175
17/03/2025 17:15;1038,23;5439,175
17/03/2025 17:30;1170,18;5439,175
17/03/2025 17:45;1233,03;5439,175
17/03/2025 18:00;1227;5439,175
17/03/2025 18:15;1239,06;5439,175
17/03/2025 18:30;1324,54;5439,175
17/03/2025 18:45;1342,1;5439,175
17/03/2025 19:00;1376,65;5439,175
17/03/2025 19:15;1536,58;5439,175
17/03/2025 19:30;1706,25;5439,175
17/03/2025 19:45;1834,81;5439,175
17/03/2025 20:00;2005,54;5439,175
17/03/2025 20:15;2186,03;5439,175
17/03/2025 20:30;2438,27;5439,175
17/03/2025 20:45;2581,81;5439,175
17/03/2025 21:00;2682,65;5439,175
17/03/2025 21:15;2736,68;5439,175
17/03/2025 21:30;2801,95;5439,175
17/03/2025 21:45;2834,81;5439,175
17/03/2025 22:00;2723,87;5439,175
17/03/2025 22:15;2666,49;5439,175
17/03/2025 22:30;2645,37;5439,175
17/03/2025 22:45;2555,29;5439,175
17/03/2025 23:00;2526,37;5439,175
17/03/2025 23:15;2416,27;5439,175
17/03/2025 23:30;2338,05;5439,175
17/03/2025 23:45;2276,14;5439,175
18/03/2025 00:00;2165,13;5439,175
18/03/2025 00:15;2158,41;5439,175
18/03/2025 00:30;2134,32;5439,175
18/03/2025 00:45;2057,67;5439,175
18/03/2025 01:00;2003,83;5439,175
18/03/2025 01:15;1920,39;5439,175
18/03/2025 01:30;1777,23;5439,175
18/03/2025 01:45;1618,19;5439,175
18/03/2025 02:00;1480,72;5439,175
18/03/2025 02:15;1436,02;5439,175
18/03/2025 02:30;1371,95;5439,175
18/03/2025 02:45;1315,92;5439,175
18/03/2025 03:00;1298,22;5439,175
18/03/2025 03:15;1274,33;5439,175
18/03/2025 03:30;1258,51;5439,175
18/03/2025 03:45;1268,22;5439,175
18/03/2025 04:00;1236,69;5439,175
18/03/2025 04:15;1212,46;5439,175
18/03/2025 04:30;1223,05;5439,175
18/03/2025 04:45;1227,75;5439,175
18/03/2025 05:00;1232,89;5439,175
18/03/2025 05:15;1264,61;5439,175
18/03/2025 05:30;1273,11;5439,175
18/03/2025 05:45;1293,96;5439,175
18/03/2025 06:00;1318,56;5439,175
18/03/2025 06:15;1332,05;5439,175
18/03/2025 06:30;1404,78;5439,175
18/03/2025 06:45;1412,99;5439,175
18/03/2025 07:00;1418,74;5439,175
18/03/2025 07:15;1522,95;5439,175
18/03/2025 07:30;1557,33;5439,175
18/03/2025 07:45;1531,16;5439,175
18/03/2025 08:00;1500,94;5439,175
18/03/2025 08:15;1434,63;5439,175
18/03/2025 08:30;1312,99;5439,175
18/03/2025 08:45;1216,62;5439,175
18/03/2025 09:00;1167,88;5439,175
18/03/2025 09:15;1077,54;5439,175
18/03/2025 09:30;1017,66;5439,175
18/03/2025 09:45;974,19;5439,175
18/03/2025 10:00;988,95;5439,175
18/03/2025 10:15;969,46;5439,175
18/03/2025 10:30;1001,57;5439,175
18/03/2025 10:45;1049,62;5439,175
18/03/2025 11:00;1000,43;5439,175
18/03/2025 11:15;940,17;5439,175
18/03/2025 11:30;880,38;5439,175
18/03/2025 11:45;997,88;5439,175
18/03/2025 12:00;1200,7;5439,175
18/03/2025 12:15;1291,19;5439,175
18/03/2025 12:30;1211,59;5439,175
18/03/2025 12:45;1416,78;5439,175
18/03/2025 13:00;1290,22;5439,175
18/03/2025 13:15;1152,72;5439,175
18/03/2025 13:30;1205,12;5439,175
18/03/2025 13:45;1208,77;5439,175
18/03/2025 14:00;1287,51;5439,175
18/03/2025 14:15;1290,86;5439,175
18/03/2025 14:30;1463,99;5439,175
18/03/2025 14:45;1382,01;5439,175
18/03/2025 15:00;1378,6;5439,175
18/03/2025 15:15;1273,53;5439,175
18/03/2025 15:30;1317,86;5439,175
18/03/2025 15:45;1343,98;5439,175
18/03/2025 16:00;1548,35;5439,175
18/03/2025 16:15;1567,24;5439,175
18/03/2025 16:30;1577,42;5439,175
18/03/2025 16:45;1554,08;5439,175
18/03/2025 17:00;1459,59;5439,175
18/03/2025 17:15;1377,13;5439,175
18/03/2025 17:30;1314,06;5439,175
18/03/2025 17:45;1330,19;5439,175
18/03/2025 18:00;1322,12;5439,175
18/03/2025 18:15;1383,2;5439,175
18/03/2025 18:30;1470,61;5439,175
18/03/2025 18:45;1477,46;5439,175
18/03/2025 19:00;1544,84;5439,175
18/03/2025 19:15;1644,77;5439,175
18/03/2025 19:30;1793,01;5439,175
18/03/2025 19:45;1966,57;5439,175
18/03/2025 20:00;2062,14;5439,175
18/03/2025 20:15;2107,76;5439,175
18/03/2025 20:30;2209,54;5439,175
18/03/2025 20:45;2275,69;5439,175
18/03/2025 21:00;2290,59;5439,175
18/03/2025 21:15;2331,63;5439,175
18/03/2025 21:30;2324,52;5439,175
18/03/2025 21:45;2303,37;5439,175
18/03/2025 22:00;2212,85;5439,175
18/03/2025 22:15;2149,27;5439,175
18/03/2025 22:30;2057,83;5439,175
18/03/2025 22:45;1965,16;5439,175
18/03/2025 23:00;1856,05;5439,175
18/03/2025 23:15;1728,83;5439,175
18/03/2025 23:30;1533,73;5439,175
18/03/2025 23:45;1371,34;5439,175
19/03/2025 00:00;1265,59;5439,175
19/03/2025 00:15;1245,46;5439,175
19/03/2025 00:30;1199,78;5439,175
19/03/2025 00:45;1180,85;5439,175
19/03/2025 01:00;1158,05;5439,175
19/03/2025 01:15;1158,24;5439,175
19/03/2025 01:30;1141,95;5439,175
19/03/2025 01:45;1143,96;5439,175
19/03/2025 02:00;1124,53;5439,175
19/03/2025 02:15;1125;5439,175
19/03/2025 02:30;1118,35;5439,175
19/03/2025 02:45;1098,86;5439,175
19/03/2025 03:00;1051,01;5439,175
19/03/2025 03:15;1000,11;5439,175
19/03/2025 03:30;981,89;5439,175
19/03/2025 03:45;986,52;5439,175
19/03/2025 04:00;950,25;5439,175
19/03/2025 04:15;944;5439,175
19/03/2025 04:30;934,56;5439,175
19/03/2025 04:45;915,39;5439,175
19/03/2025 05:00;866,94;5439,175
19/03/2025 05:15;848,49;5439,175
19/03/2025 05:30;816,08;5439,175
19/03/2025 05:45;830,05;5439,175
19/03/2025 06:00;850,83;5439,175
19/03/2025 06:15;854,72;5439,175
19/03/2025 06:30;840,57;5439,175
19/03/2025 06:45;856,4;5439,175
19/03/2025 07:00;865,08;5439,175
19/03/2025 07:15;858,68;5439,175
19/03/2025 07:30;868,38;5439,175
19/03/2025 07:45;846,46;5439,175
19/03/2025 08:00;774,16;5439,175
19/03/2025 08:15;708,86;5439,175
19/03/2025 08:30;614,57;5439,175
19/03/2025 08:45;527,01;5439,175
19/03/2025 09:00;397,61;5439,175
19/03/2025 09:15;337,6;5439,175
19/03/2025 09:30;293,94;5439,175
19/03/2025 09:45;247,89;5439,175
19/03/2025 10:00;218,99;5439,175
19/03/2025 10:15;205,53;5439,175
19/03/2025 10:30;210,87;5439,175
19/03/2025 10:45;222,12;5439,175
19/03/2025 11:00;200,88;5439,175
19/03/2025 11:15;193,3;5439,175
19/03/2025 11:30;203,32;5439,175
19/03/2025 11:45;228,32;5439,175
19/03/2025 12:00;257,01;5439,175
19/03/2025 12:15;330,72;5439,175
19/03/2025 12:30;367,46;5439,175
19/03/2025 12:45;378,1;5439,175
19/03/2025 13:00;315,92;5439,175
19/03/2025 13:15;326,84;5439,175
19/03/2025 13:30;342,4;5439,175
19/03/2025 13:45;381,33;5439,175
19/03/2025 14:00;367,8;5439,175
19/03/2025 14:15;415,19;5439,175
19/03/2025 14:30;463,21;5439,175
19/03/2025 14:45;452,53;5439,175
19/03/2025 15:00;470,09;5439,175
19/03/2025 15:15;489,65;5439,175
19/03/2025 15:30;512,19;5439,175
19/03/2025 15:45;497,57;5439,175
19/03/2025 16:00;495,34;5439,175
19/03/2025 16:15;404,1;5439,175
19/03/2025 16:30;436,21;5439,175
19/03/2025 16:45;422,45;5439,175
19/03/2025 17:00;379,13;5439,175
19/03/2025 17:15;347,47;5439,175
19/03/2025 17:30;358,76;5439,175
19/03/2025 17:45;285,81;5439,175
19/03/2025 18:00;241,97;5439,175
19/03/2025 18:15;236,7;5439,175
19/03/2025 18:30;232,13;5439,175
19/03/2025 18:45;228,32;5439,175
19/03/2025 19:00;238,16;5439,175
19/03/2025 19:15;272,26;5439,175
19/03/2025 19:30;298,11;5439,175
19/03/2025 19:45;333,61;5439,175
19/03/2025 20:00;358,05;5439,175
19/03/2025 20:15;372,53;5439,175
19/03/2025 20:30;397,92;5439,175
19/03/2025 20:45;419,63;5439,175
19/03/2025 21:00;394,7;5439,175
19/03/2025 21:15;405,78;5439,175
19/03/2025 21:30;430,39;5439,175
19/03/2025 21:45;450,61;5439,175
19/03/2025 22:00;471,97;5439,175
19/03/2025 22:15;480,7;5439,175
19/03/2025 22:30;489,54;5439,175
19/03/2025 22:45;508,02;5439,175
19/03/2025 23:00;559,59;5439,175
19/03/2025 23:15;572,97;5439,175
19/03/2025 23:30;572,64;5439,175
19/03/2025 23:45;575,9;5439,175
20/03/2025 00:00;603,21;5439,175
20/03/2025 00:15;606,4;5439,175
20/03/2025 00:30;598,02;5439,175
20/03/2025 00:45;608,35;5439,175
20/03/2025 01:00;572,98;5439,175
20/03/2025 01:15;576,06;5439,175
20/03/2025 01:30;581,77;5439,175
20/03/2025 01:45;569,03;5439,175
20/03/2025 02:00;565,58;5439,175
20/03/2025 02:15;532,73;5439,175
20/03/2025 02:30;510,02;5439,175
20/03/2025 02:45;484,65;5439,175
20/03/2025 03:00;475,78;5439,175
20/03/2025 03:15;468,46;5439,175
20/03/2025 03:30;474,7;5439,175
20/03/2025 03:45;478,07;5439,175
20/03/2025 04:00;478,95;5439,175
20/03/2025 04:15;491,31;5439,175
20/03/2025 04:30;505,6;5439,175
20/03/2025 04:45;500,28;5439,175
20/03/2025 05:00;478,38;5439,175
20/03/2025 05:15;475,18;5439,175
20/03/2025 05:30;472,61;5439,175
20/03/2025 05:45;486,58;5439,175
20/03/2025 06:00;472,9;5439,175
20/03/2025 06:15;464,67;5439,175
20/03/2025 06:30;457,06;5439,175
20/03/2025 06:45;453,15;5439,175
20/03/2025 07:00;487,03;5439,175
20/03/2025 07:15;482,76;5439,175
20/03/2025 07:30;503,46;5439,175
20/03/2025 07:45;502,77;5439,175
20/03/2025 08:00;461,95;5439,175
20/03/2025 08:15;367,17;5439,175
20/03/2025 08:30;318,37;5439,175
20/03/2025 08:45;289,61;5439,175
20/03/2025 09:00;237,01;5439,175
20/03/2025 09:15;190;5439,175
20/03/2025 09:30;154,46;5439,175
20/03/2025 09:45;134,35;5439,175
20/03/2025 10:00;102,69;5439,175
20/03/2025 10:15;87,68;5439,175
20/03/2025 10:30;63,63;5439,175
20/03/2025 10:45;53,15;5439,175
20/03/2025 11:00;54,06;5439,175
20/03/2025 11:15;53,34;5439,175
20/03/2025 11:30;48,27;5439,175
20/03/2025 11:45;43,27;5439,175
20/03/2025 12:00;43,21;5439,175
20/03/2025 12:15;39,94;5439,175
20/03/2025 12:30;35,72;5439,175
20/03/2025 12:45;27,98;5439,175
20/03/2025 13:00;29,83;5439,175
20/03/2025 13:15;25,87;5439,175
20/03/2025 13:30;20,68;5439,175
20/03/2025 13:45;17,72;5439,175
20/03/2025 14:00;9,94;5439,175
20/03/2025 14:15;3,95;5439,175
20/03/2025 14:30;-1,52;5439,175
20/03/2025 14:45;-6,23;5439,175
20/03/2025 15:00;-11,87;5439,175
20/03/2025 15:15;-13,98;5439,175
20/03/2025 15:30;-14,29;5439,175
20/03/2025 15:45;-15,56;5439,175
20/03/2025 16:00;-18,55;5439,175
20/03/2025 16:15;-19,17;5439,175
20/03/2025 16:30;-19,28;5439,175
20/03/2025 16:45;-16,23;5439,175
20/03/2025 17:00;6,72;5439,175
20/03/2025 17:15;23,56;5439,175
20/03/2025 17:30;34,4;5439,175
20/03/2025 17:45;44,55;5439,175
20/03/2025 18:00;48,9;5439,175
20/03/2025 18:15;69,05;5439,175
20/03/2025 18:30;122,02;5439,175
20/03/2025 18:45;207,06;5439,175
20/03/2025 19:00;265,17;5439,175
20/03/2025 19:15;322,41;5439,175
20/03/2025 19:30;380,86;5439,175
20/03/2025 19:45;421,46;5439,175
20/03/2025 20:00;457,08;5439,175
20/03/2025 20:15;511,56;5439,175
20/03/2025 20:30;617,78;5439,175
20/03/2025 20:45;698,82;5439,175
20/03/2025 21:00;811,3;5439,175
20/03/2025 21:15;888,94;5439,175
20/03/2025 21:30;947,54;5439,175
20/03/2025 21:45;1011,34;5439,175
20/03/2025 22:00;1070,26;5439,175
20/03/2025 22:15;1088,49;5439,175
20/03/2025 22:30;1117,17;5439,175
20/03/2025 22:45;1200,91;5439,175
20/03/2025 23:00;1283,14;5439,175
20/03/2025 23:15;1376,67;5439,175
20/03/2025 23:30;1477,19;5439,175
20/03/2025 23:45;1498,44;5439,175